Name,Email,Age
Alice Smith,alicesmith8486@example.com,53
Alice Smith,alicesmith9818@example.com,37
James Taylor,jamestaylor9410@example.com,37
David Taylor,davidtaylor7399@example.com,35
James Smith,jamessmith6920@example.com,53
David Smith,davidsmith1661@example.com,59
James Jackson,jamesjackson5982@example.com,41
Sarah Jones,sarahjones2467@example.com,60
Michael Smith,michaelsmith0840@example.com,33
Alice Brown,alicebrown4808@example.com,38
Jane Wilson,janewilson9975@example.com,34
Sarah Wilson,sarahwilson4049@example.com,46
William Jackson,williamjackson4385@example.com,45
Emily Doe,emilydoe0063@example.com,18
John Doe,johndoe1058@example.com,51
Michael Brown,michaelbrown0445@example.com,60
William Thomas,williamthomas7289@example.com,20
Emily Taylor,emilytaylor7316@example.com,49
Alice Doe,alicedoe1727@example.com,24
John Wilson,johnwilson0883@example.com,28
David Anderson,davidanderson2196@example.com,34
Emily Doe,emilydoe9445@example.com,41
James Anderson,jamesanderson5554@example.com,48
James Jones,jamesjones8294@example.com,49
Sarah Johnson,sarahjohnson5700@example.com,18
Emily Wilson,emilywilson0170@example.com,25
James Anderson,jamesanderson4687@example.com,56
Alice Jones,alicejones0499@example.com,22
Jane Smith,janesmith4502@example.com,24
David Brown,davidbrown5917@example.com,20
Emily Anderson,emilyanderson5301@example.com,21
William Wilson,williamwilson1688@example.com,45
Alice Anderson,aliceanderson9518@example.com,49
Alice Jackson,alicejackson3035@example.com,26
Emma Wilson,emmawilson5714@example.com,48
Emma Smith,emmasmith9575@example.com,60
Michael Taylor,michaeltaylor6404@example.com,39
John Thomas,johnthomas4767@example.com,44
Emily Thomas,emilythomas8139@example.com,52
Jane Johnson,janejohnson2568@example.com,41
James Johnson,jamesjohnson6098@example.com,21
William Jones,williamjones0801@example.com,44
Emma Wilson,emmawilson3246@example.com,59
Jane Doe,janedoe0462@example.com,23
Emily Taylor,emilytaylor6503@example.com,33
John Brown,johnbrown7172@example.com,53
Sarah Doe,sarahdoe4013@example.com,46
James Brown,jamesbrown8503@example.com,52
Jane Anderson,janeanderson6479@example.com,35
Sarah Johnson,sarahjohnson5079@example.com,46
David Doe,daviddoe1841@example.com,41
Emily Wilson,emilywilson1746@example.com,50
Emily Wilson,emilywilson1125@example.com,44
William Anderson,williamanderson0616@example.com,58
Jane Johnson,janejohnson4877@example.com,19
James Thomas,jamesthomas7867@example.com,54
Michael Anderson,michaelanderson4593@example.com,58
James Brown,jamesbrown1938@example.com,47
James Doe,jamesdoe0741@example.com,51
Emily Wilson,emilywilson5185@example.com,46
Michael Thomas,michaelthomas1261@example.com,31
Sarah Smith,sarahsmith0056@example.com,46
William Jackson,williamjackson3126@example.com,45
Jane Jones,janejones2402@example.com,24
William Anderson,williamanderson4667@example.com,44
Michael Brown,michaelbrown3972@example.com,50
John Jackson,johnjackson1392@example.com,40
Alice Smith,alicesmith9386@example.com,26
James Brown,jamesbrown7332@example.com,55
Sarah Doe,sarahdoe2704@example.com,39
James Smith,jamessmith1264@example.com,60
James Taylor,jamestaylor3589@example.com,49
David Johnson,davidjohnson3568@example.com,20
Emily Jackson,emilyjackson9216@example.com,44
Jane Jackson,janejackson7364@example.com,48
John Doe,johndoe6025@example.com,49
Jane Smith,janesmith0042@example.com,19
David Anderson,davidanderson6091@example.com,39
Jane Wilson,janewilson9543@example.com,23
Sarah Smith,sarahsmith3854@example.com,42
William Jackson,williamjackson3063@example.com,45
John Taylor,johntaylor5964@example.com,30
Jane Brown,janebrown9367@example.com,43
Jane Brown,janebrown3417@example.com,32
Michael Wilson,michaelwilson4082@example.com,36
Alice Jackson,alicejackson7736@example.com,29
William Jackson,williamjackson4901@example.com,19
Emma Anderson,emmaanderson3966@example.com,29
Emily Jackson,emilyjackson1988@example.com,48
Emily Taylor,emilytaylor0161@example.com,31
John Smith,johnsmith8970@example.com,34
Jane Brown,janebrown1798@example.com,29
Sarah Thomas,sarahthomas0880@example.com,53
Emma Smith,emmasmith8709@example.com,56
David Taylor,davidtaylor7006@example.com,55
William Anderson,williamanderson7221@example.com,55
Emily Brown,emilybrown1532@example.com,43
William Wilson,williamwilson1723@example.com,20
Sarah Doe,sarahdoe1479@example.com,35
David Wilson,davidwilson1096@example.com,51
Michael Wilson,michaelwilson2411@example.com,53
Jane Smith,janesmith1211@example.com,20
Michael Wilson,michaelwilson7940@example.com,58
David Smith,davidsmith1201@example.com,42
John Smith,johnsmith1178@example.com,42
James Taylor,jamestaylor7476@example.com,36
Michael Jackson,michaeljackson0771@example.com,54
Emily Johnson,emilyjohnson8797@example.com,36
Emily Jones,emilyjones4070@example.com,56
Alice Jackson,alicejackson1031@example.com,52
Michael Jackson,michaeljackson4283@example.com,21
Alice Taylor,alicetaylor9476@example.com,30
Alice Wilson,alicewilson3872@example.com,36
James Jones,jamesjones4301@example.com,33
James Thomas,jamesthomas2963@example.com,34
John Taylor,johntaylor6612@example.com,33
William Wilson,williamwilson7070@example.com,24
James Taylor,jamestaylor3324@example.com,43
Sarah Jackson,sarahjackson2084@example.com,54
Alice Thomas,alicethomas9011@example.com,57
Alice Johnson,alicejohnson2511@example.com,53
Alice Smith,alicesmith3650@example.com,59
James Thomas,jamesthomas4029@example.com,27
Sarah Brown,sarahbrown1048@example.com,55
Sarah Wilson,sarahwilson4537@example.com,38
Jane Smith,janesmith5040@example.com,21
David Jones,davidjones8353@example.com,44
William Smith,williamsmith0921@example.com,48
David Doe,daviddoe3693@example.com,26
Alice Johnson,alicejohnson6541@example.com,57
Michael Johnson,michaeljohnson0704@example.com,59
James Brown,jamesbrown2504@example.com,59
James Anderson,jamesanderson1282@example.com,60
Sarah Taylor,sarahtaylor8414@example.com,26
John Thomas,johnthomas5751@example.com,40
William Thomas,williamthomas7438@example.com,46
William Wilson,williamwilson7186@example.com,22
William Thomas,williamthomas8206@example.com,20
Alice Smith,alicesmith4392@example.com,54
Emily Smith,emilysmith4898@example.com,28
James Johnson,jamesjohnson3312@example.com,55
David Thomas,davidthomas0112@example.com,49
Emma Thomas,emmathomas7583@example.com,21
Michael Johnson,michaeljohnson5845@example.com,47
David Wilson,davidwilson6620@example.com,28
Sarah Jackson,sarahjackson6466@example.com,32
Michael Doe,michaeldoe1242@example.com,54
Michael Brown,michaelbrown0342@example.com,37
Michael Jackson,michaeljackson3177@example.com,49
Emily Anderson,emilyanderson4277@example.com,59
David Doe,daviddoe6991@example.com,45
Alice Jackson,alicejackson3958@example.com,24
Sarah Thomas,sarahthomas3549@example.com,56
Emily Thomas,emilythomas4965@example.com,52
David Anderson,davidanderson4576@example.com,27
William Smith,williamsmith4717@example.com,34
Emma Johnson,emmajohnson8646@example.com,22
David Johnson,davidjohnson1193@example.com,56
Alice Brown,alicebrown5408@example.com,20
William Johnson,williamjohnson1975@example.com,38
Michael Anderson,michaelanderson6250@example.com,47
Jane Anderson,janeanderson0115@example.com,20
Emily Brown,emilybrown9877@example.com,29
Alice Thomas,alicethomas2409@example.com,57
William Doe,williamdoe0442@example.com,42
Emily Smith,emilysmith4262@example.com,36
Emma Thomas,emmathomas9955@example.com,43
Emma Wilson,emmawilson2820@example.com,57
Alice Thomas,alicethomas2414@example.com,42
John Anderson,johnanderson5189@example.com,34
David Jones,davidjones4704@example.com,32
Michael Doe,michaeldoe3722@example.com,29
Michael Smith,michaelsmith6987@example.com,31
Jane Doe,janedoe3781@example.com,34
Emma Jackson,emmajackson0522@example.com,44
Jane Jackson,janejackson4303@example.com,58
David Anderson,davidanderson2881@example.com,25
Alice Jackson,alicejackson9504@example.com,29
James Anderson,jamesanderson4020@example.com,21
William Jackson,williamjackson3128@example.com,29
James Brown,jamesbrown7516@example.com,31
William Wilson,williamwilson1774@example.com,25
Alice Taylor,alicetaylor4945@example.com,29
William Taylor,williamtaylor6488@example.com,60
Emma Smith,emmasmith8334@example.com,29
William Smith,williamsmith6295@example.com,31
John Brown,johnbrown0366@example.com,21
James Jackson,jamesjackson2442@example.com,30
James Jackson,jamesjackson4593@example.com,36
Sarah Jones,sarahjones1340@example.com,35
James Wilson,jameswilson4943@example.com,32
David Brown,davidbrown0196@example.com,58
William Doe,williamdoe9760@example.com,30
John Johnson,johnjohnson8051@example.com,54
Emma Taylor,emmataylor5266@example.com,27
William Wilson,williamwilson0899@example.com,29
William Jackson,williamjackson4272@example.com,24
Sarah Smith,sarahsmith2080@example.com,19
Emma Jones,emmajones2794@example.com,34
William Brown,williambrown9603@example.com,49